Sample_ID,Anemonefish.Species,Species_Abbreviation,Country,Country_Abbreviation,Location,Pop_ID,Coord.X,Coord.Y,Host category,SRR
AKA_186,Amphiprion_akallopisos,AKA,Madagascar,MDG,Ifaty,MDG_Ifaty,43.55219953,-23.15439092,RM specialist,pending upload
AKA_189,Amphiprion_akallopisos,AKA,Madagascar,MDG,Ifaty,MDG_Ifaty,43.57004371,-23.1400847,RM specialist,pending upload
AKA_190,Amphiprion_akallopisos,AKA,Madagascar,MDG,Ifaty,MDG_Ifaty,43.57004371,-23.1400847,RM specialist,pending upload
FH4029,Amphiprion_akallopisos,AKA,Indonesia,IDN,Java,IDN_Java,110.31,-5.79708335,RM specialist,SRR26235441
FH4030,Amphiprion_akallopisos,AKA,Indonesia,IDN,Java,IDN_Java,110.31,-5.79708335,RM specialist,SRR26235440
FH4031,Amphiprion_akallopisos,AKA,Indonesia,IDN,Java,IDN_Java,110.31,-5.79708335,RM specialist,SRR26235439
FH4032,Amphiprion_akallopisos,AKA,Indonesia,IDN,Java,IDN_Java,110.31,-5.79708335,RM specialist,SRR26235438
FH4034,Amphiprion_akallopisos,AKA,Indonesia,IDN,Java,IDN_Java,110.31,-5.79708335,RM specialist,SRR26235437
AKA_142,Amphiprion_akallopisos,AKA,Thailand,THA,Lanta,THA_Lanta,99.0943842,7.5310204,RM specialist,pending upload
AKA_143,Amphiprion_akallopisos,AKA,Thailand,THA,Lanta,THA_Lanta,99.0943842,7.5310204,RM specialist,pending upload
AKA_146,Amphiprion_akallopisos,AKA,Thailand,THA,Lanta,THA_Lanta,99.0943842,7.5310204,RM specialist,pending upload
AKA_147,Amphiprion_akallopisos,AKA,Thailand,THA,Lanta,THA_Lanta,99.0943842,7.5310204,RM specialist,pending upload
AKA_153,Amphiprion_akallopisos,AKA,Thailand,THA,Lanta,THA_Lanta,99.0943842,7.5310204,RM specialist,pending upload
FH810,Amphiprion_akallopisos,AKA,Kenya,KNY,Lamu,KNY_Lamu,40.9010641,-2.2675396,RM specialist,SRR26235442
FH86,Amphiprion_akallopisos,AKA,Kenya,KNY,Lamu,KNY_Lamu,40.9010641,-2.2675396,RM specialist,SRR26235416
FH87,Amphiprion_akallopisos,AKA,Kenya,KNY,Lamu,KNY_Lamu,40.9010641,-2.2675396,RM specialist,SRR26235415
FH88,Amphiprion_akallopisos,AKA,Kenya,KNY,Lamu,KNY_Lamu,40.9010641,-2.2675396,RM specialist,SRR26235414
FH89,Amphiprion_akallopisos,AKA,Kenya,KNY,Lamu,KNY_Lamu,40.9010641,-2.2675396,RM specialist,SRR26235413
MY085,Amphiprion_akallopisos,AKA,Mayotte,MYT,Mayotte,MYT_Mayotte,45.14852895,-12.8255515,RM specialist,SRR26235444
MY197,Amphiprion_akallopisos,AKA,Mayotte,MYT,Mayotte,MYT_Mayotte,45.14852895,-12.8255515,RM specialist,SRR26235443
MY428,Amphiprion_akallopisos,AKA,Mayotte,MYT,Mayotte,MYT_Mayotte,45.14852895,-12.8255515,RM specialist,SRR26235432
MY429,Amphiprion_akallopisos,AKA,Mayotte,MYT,Mayotte,MYT_Mayotte,45.14852895,-12.8255515,RM specialist,SRR26235421
MY790,Amphiprion_akallopisos,AKA,Mayotte,MYT,Mayotte,MYT_Mayotte,45.14852895,-12.8255515,RM specialist,SRR26235418
MY791,Amphiprion_akallopisos,AKA,Mayotte,MYT,Mayotte,MYT_Mayotte,45.14852895,-12.8255515,RM specialist,SRR26235417
005_AKA,Amphiprion_akallopisos,AKA,NA,NA,,NA,NA,NA,RM specialist,pending upload
AKA_195,Amphiprion_akallopisos,AKA,Madagascar,MDG,Be,MDG_Be,48.23630543,-13.47861812,RM specialist,pending upload
AKA_196,Amphiprion_akallopisos,AKA,Madagascar,MDG,Be,MDG_Be,48.23281855,-13.48444507,RM specialist,pending upload
AKA_207,Amphiprion_akallopisos,AKA,Madagascar,MDG,Be,MDG_Be,48.09970597,-13.32212519,RM specialist,pending upload
AKA_209,Amphiprion_akallopisos,AKA,Madagascar,MDG,Be,MDG_Be,48.09153674,-13.30912701,RM specialist,pending upload
AKA_213,Amphiprion_akallopisos,AKA,Madagascar,MDG,Be,MDG_Be,48.09153674,-13.30912701,RM specialist,pending upload
AKA_217,Amphiprion_akallopisos,AKA,Madagascar,MDG,Be,MDG_Be,48.09153674,-13.30912701,RM specialist,pending upload
AKA_220,Amphiprion_akallopisos,AKA,Madagascar,MDG,Be,MDG_Be,48.08626881,-13.31313813,RM specialist,pending upload
AKA_221,Amphiprion_akallopisos,AKA,Madagascar,MDG,Be,MDG_Be,48.0898737,-13.3891331,RM specialist,pending upload
AKA_227,Amphiprion_akallopisos,AKA,Madagascar,MDG,Be,MDG_Be,48.06288907,-13.36661812,RM specialist,pending upload
AKA_229,Amphiprion_akallopisos,AKA,Madagascar,MDG,Be,MDG_Be,48.09002737,-13.33748876,RM specialist,pending upload
AKA_110,Amphiprion_akallopisos,AKA,Thailand,THA,PhiPhi,THA_PhiPhi,98.77664337,7.7522403,RM specialist,pending upload
AKA_118,Amphiprion_akallopisos,AKA,Thailand,THA,PhiPhi,THA_PhiPhi,98.77664337,7.7522403,RM specialist,pending upload
AKA_124,Amphiprion_akallopisos,AKA,Thailand,THA,PhiPhi,THA_PhiPhi,98.77664337,7.7522403,RM specialist,pending upload
AKA_140,Amphiprion_akallopisos,AKA,Thailand,THA,PhiPhi,THA_PhiPhi,98.77664337,7.7522403,RM specialist,pending upload
AKA_60,Amphiprion_akallopisos,AKA,Thailand,THA,Phuket,THA_Phuket,98.3529292,7.9366015,RM specialist,pending upload
AKA_63,Amphiprion_akallopisos,AKA,Thailand,THA,Phuket,THA_Phuket,98.3529292,7.9366015,RM specialist,pending upload
AKA_66,Amphiprion_akallopisos,AKA,Thailand,THA,Phuket,THA_Phuket,98.3529292,7.9366015,RM specialist,pending upload
AKA_75,Amphiprion_akallopisos,AKA,Thailand,THA,Phuket,THA_Phuket,98.3529292,7.9366015,RM specialist,pending upload
AKA_79,Amphiprion_akallopisos,AKA,Thailand,THA,Similan,THA_Similan,97.64486602,8.6487805,RM specialist,pending upload
AKA_89,Amphiprion_akallopisos,AKA,Thailand,THA,Similan,THA_Similan,97.64486602,8.6487805,RM specialist,pending upload
AKA_92,Amphiprion_akallopisos,AKA,Thailand,THA,Similan,THA_Similan,97.64486602,8.6487805,RM specialist,pending upload
AKA_96,Amphiprion_akallopisos,AKA,Thailand,THA,Similan,THA_Similan,97.64486602,8.6487805,RM specialist,pending upload
AKA_98,Amphiprion_akallopisos,AKA,Thailand,THA,Similan,THA_Similan,97.64486602,8.6487805,RM specialist,pending upload
AKA_172,Amphiprion_akallopisos,AKA,Madagascar,MDG,Toliara,MDG_Toliara,43.63351925,-23.37868667,RM specialist,pending upload
AKA_175,Amphiprion_akallopisos,AKA,Madagascar,MDG,Toliara,MDG_Toliara,43.63351925,-23.37868667,RM specialist,pending upload
AKA_179,Amphiprion_akallopisos,AKA,Madagascar,MDG,Toliara,MDG_Toliara,43.63990989,-23.39874853,RM specialist,pending upload
AKA_181,Amphiprion_akallopisos,AKA,Madagascar,MDG,Toliara,MDG_Toliara,43.63990989,-23.39874853,RM specialist,pending upload
AKA_184,Amphiprion_akallopisos,AKA,Madagascar,MDG,Toliara,MDG_Toliara,43.63990989,-23.39874853,RM specialist,pending upload
NC016,Amphiprion_akindynos,AKY,New Caledonia,NCD,Touho,NCD_Touho,165.371285,-20.9205377,Generalist,pending upload
AC503,Amphiprion_akindynos,AKY,Australia,AUS,Lizard,AUS_Lizard,145.4609161,-14.6683188,Generalist,pending upload
AC504,Amphiprion_akindynos,AKY,Australia,AUS,Lizard,AUS_Lizard,145.4609161,-14.6683188,Generalist,pending upload
AC505,Amphiprion_akindynos,AKY,Australia,AUS,Lizard,AUS_Lizard,145.4609161,-14.6683188,Generalist,pending upload
AC687,Amphiprion_akindynos,AKY,Australia,AUS,Lizard,AUS_Lizard,145.4609161,-14.6683188,Generalist,pending upload
AC688,Amphiprion_akindynos,AKY,Australia,AUS,Lizard,AUS_Lizard,145.4609161,-14.6683188,Generalist,pending upload
AC690,Amphiprion_akindynos,AKY,Australia,AUS,Lizard,AUS_Lizard,145.4609161,-14.6683188,Generalist,pending upload
AC691,Amphiprion_akindynos,AKY,Australia,AUS,Lizard,AUS_Lizard,145.4609161,-14.6683188,Generalist,pending upload
AC716,Amphiprion_akindynos,AKY,Australia,AUS,Lizard,AUS_Lizard,145.4609161,-14.6683188,Generalist,pending upload
AC717,Amphiprion_akindynos,AKY,Australia,AUS,Lizard,AUS_Lizard,145.4609161,-14.6683188,Generalist,pending upload
AC718,Amphiprion_akindynos,AKY,Australia,AUS,Lizard,AUS_Lizard,145.4609161,-14.6683188,Generalist,pending upload
AC719,Amphiprion_akindynos,AKY,Australia,AUS,Lizard,AUS_Lizard,145.4609161,-14.6683188,Generalist,pending upload
AK1,Amphiprion_akindynos,AKY,Australia,AUS,Lizard,AUS_Lizard,145.4609161,-14.6683188,Generalist,pending upload
AK13,Amphiprion_akindynos,AKY,Australia,AUS,Lizard,AUS_Lizard,145.4609161,-14.6683188,Generalist,pending upload
AK14,Amphiprion_akindynos,AKY,Australia,AUS,Lizard,AUS_Lizard,145.4609161,-14.6683188,Generalist,pending upload
AK16,Amphiprion_akindynos,AKY,Australia,AUS,Lizard,AUS_Lizard,145.4609161,-14.6683188,Generalist,pending upload
AK18,Amphiprion_akindynos,AKY,Australia,AUS,Lizard,AUS_Lizard,145.4609161,-14.6683188,Generalist,pending upload
AK8,Amphiprion_akindynos,AKY,Australia,AUS,Lizard,AUS_Lizard,145.4609161,-14.6683188,Generalist,pending upload
AK9,Amphiprion_akindynos,AKY,Australia,AUS,Lizard,AUS_Lizard,145.4609161,-14.6683188,Generalist,pending upload
AK055,Amphiprion_akindynos,AKY,New Caledonia,NCD,Noumea,NCD_Noumea,166.4750078,-22.2803087,Generalist,pending upload
AK069,Amphiprion_akindynos,AKY,New Caledonia,NCD,Noumea,NCD_Noumea,166.4750078,-22.2803087,Generalist,pending upload
AK038,Amphiprion_akindynos,AKY,New Caledonia,NCD,Touho,NCD_Touho,165.3267822,-20.7960485,Generalist,pending upload
AK003,Amphiprion_akindynos,AKY,New Caledonia,NCD,Tibarama,NCD_Tibarama,165.3820202,-20.9371423,Generalist,pending upload
CH171,Amphiprion_chrysopterus,CRP,Fiji,FIJ,Fiji,FIJ_Fiji,179.0122737,-18.1239696,Generalist,pending upload
CH172,Amphiprion_chrysopterus,CRP,Fiji,FIJ,Fiji,FIJ_Fiji,179.0122737,-18.1239696,Generalist,pending upload
CH173,Amphiprion_chrysopterus,CRP,Fiji,FIJ,Fiji,FIJ_Fiji,179.0122737,-18.1239696,Generalist,pending upload
CH174,Amphiprion_chrysopterus,CRP,Fiji,FIJ,Fiji,FIJ_Fiji,179.0122737,-18.1239696,Generalist,pending upload
CH11,Amphiprion_chrysopterus,CRP,Papua New Guinea,PNG,Kimbe,PNG_Kimbe,150.1445441,-5.5502054,Generalist,pending upload
CH176,Amphiprion_chrysopterus,CRP,Papua New Guinea,PNG,Kimbe,PNG_Kimbe,150.1445441,-5.5502054,Generalist,pending upload
CH178,Amphiprion_chrysopterus,CRP,Papua New Guinea,PNG,Kimbe,PNG_Kimbe,150.1445441,-5.5502054,Generalist,pending upload
CH18,Amphiprion_chrysopterus,CRP,Papua New Guinea,PNG,Kimbe,PNG_Kimbe,150.1445441,-5.5502054,Generalist,pending upload
CH205,Amphiprion_chrysopterus,CRP,Papua New Guinea,PNG,Kimbe,PNG_Kimbe,150.1445441,-5.5502054,Generalist,pending upload
CH206,Amphiprion_chrysopterus,CRP,Papua New Guinea,PNG,Kimbe,PNG_Kimbe,150.1445441,-5.5502054,Generalist,pending upload
CH29,Amphiprion_chrysopterus,CRP,Papua New Guinea,PNG,Kimbe,PNG_Kimbe,150.1445441,-5.5502054,Generalist,pending upload
CH31,Amphiprion_chrysopterus,CRP,Papua New Guinea,PNG,Kimbe,PNG_Kimbe,150.1445441,-5.5502054,Generalist,pending upload
CH8,Amphiprion_chrysopterus,CRP,Papua New Guinea,PNG,Kimbe,PNG_Kimbe,150.1445441,-5.5502054,Generalist,pending upload
CH82,Amphiprion_chrysopterus,CRP,Papua New Guinea,PNG,Kimbe,PNG_Kimbe,150.1445441,-5.5502054,Generalist,pending upload
CH100,Amphiprion_chrysopterus,CRP,Solomon Islands,SOI,Marovo,SOI_Marovo,157.9961689,-8.51329565,Generalist,pending upload
CH112,Amphiprion_chrysopterus,CRP,Solomon Islands,SOI,Marovo,SOI_Marovo,157.9961689,-8.51329565,Generalist,pending upload
CH127,Amphiprion_chrysopterus,CRP,Solomon Islands,SOI,Marovo,SOI_Marovo,157.9961689,-8.51329565,Generalist,pending upload
CH131,Amphiprion_chrysopterus,CRP,Solomon Islands,SOI,Marovo,SOI_Marovo,157.9961689,-8.51329565,Generalist,pending upload
CH132,Amphiprion_chrysopterus,CRP,Solomon Islands,SOI,Marovo,SOI_Marovo,157.9961689,-8.51329565,Generalist,pending upload
CH141,Amphiprion_chrysopterus,CRP,Solomon Islands,SOI,Marovo,SOI_Marovo,157.9961689,-8.51329565,Generalist,pending upload
CH155,Amphiprion_chrysopterus,CRP,Solomon Islands,SOI,Marovo,SOI_Marovo,157.9961689,-8.51329565,Generalist,pending upload
CH96,Amphiprion_chrysopterus,CRP,Solomon Islands,SOI,Marovo,SOI_Marovo,157.9961689,-8.51329565,Generalist,pending upload
GA040,Amphiprion_chrysopterus,CRP,French Polynesia,POL,Moorea,POL_Moorea,-149.8386006,-17.533306,Generalist,pending upload
CH167,Amphiprion_chrysopterus,CRP,Palau,PAU,Palau,PAU_Palau,132.9102573,5.3783537,Generalist,pending upload
GA031,Amphiprion_chrysopterus,CRP,Solomon Islands,SOI,Solomon,SOI_Solomon,159.1070694,-8.7053941,Generalist,pending upload
MV087,Amphiprion_clarkii,CLK,Maldives,MDV,AlifAlif,MDV_AlifAlif,72.87168536,4.4389236,Generalist,SRR29150659
MV088,Amphiprion_clarkii,CLK,Maldives,MDV,AlifAlif,MDV_AlifAlif,72.87168536,4.4389236,Generalist,SRR29150658
MV186,Amphiprion_clarkii,CLK,Maldives,MDV,AlifAlif,MDV_AlifAlif,72.87168536,4.4389236,Generalist,SRR29150657
MV187,Amphiprion_clarkii,CLK,Maldives,MDV,AlifAlif,MDV_AlifAlif,72.87168536,4.4389236,Generalist,SRR29150656
MV212,Amphiprion_clarkii,CLK,Maldives,MDV,AlifAlif,MDV_AlifAlif,72.87168536,4.4389236,Generalist,SRR29150655
MV031,Amphiprion_clarkii,CLK,Maldives,MDV,Kaafu,MDV_Kaafu,73.57600321,4.35429895,Generalist,SRR29150654
MV032,Amphiprion_clarkii,CLK,Maldives,MDV,Kaafu,MDV_Kaafu,73.57600321,4.35429895,Generalist,SRR29150653
MV033,Amphiprion_clarkii,CLK,Maldives,MDV,Kaafu,MDV_Kaafu,73.57600321,4.35429895,Generalist,SRR29150652
MV035,Amphiprion_clarkii,CLK,Maldives,MDV,Kaafu,MDV_Kaafu,73.57600321,4.35429895,Generalist,SRR29150651
MV601,Amphiprion_clarkii,CLK,Maldives,MDV,Kaafu,MDV_Kaafu,73.57600321,4.35429895,Generalist,SRR29150650
CLK_150,Amphiprion_clarkii,CLK,Thailand,THA,Lanta,THA_Lanta,99.0943842,7.5310204,Generalist,pending upload
CLK_158,Amphiprion_clarkii,CLK,Thailand,THA,Lanta,THA_Lanta,99.0943842,7.5310204,Generalist,pending upload
CLK_161,Amphiprion_clarkii,CLK,Thailand,THA,Lanta,THA_Lanta,99.0943842,7.5310204,Generalist,pending upload
CLK_166,Amphiprion_clarkii,CLK,Thailand,THA,Lanta,THA_Lanta,99.0943842,7.5310204,Generalist,pending upload
CLK_169,Amphiprion_clarkii,CLK,Thailand,THA,Lanta,THA_Lanta,99.0943842,7.5310204,Generalist,pending upload
3378,Amphiprion_clarkii,CLK,Papua New Guinea,PNG,Loloata,PNG_Loloata,147.2911798,-9.5388325,Generalist,pending upload
3379,Amphiprion_clarkii,CLK,Papua New Guinea,PNG,Loloata,PNG_Loloata,147.2911798,-9.5388325,Generalist,pending upload
3380,Amphiprion_clarkii,CLK,Papua New Guinea,PNG,Loloata,PNG_Loloata,147.2911798,-9.5388325,Generalist,pending upload
3381,Amphiprion_clarkii,CLK,Papua New Guinea,PNG,Loloata,PNG_Loloata,147.2911798,-9.5388325,Generalist,pending upload
3383,Amphiprion_clarkii,CLK,Papua New Guinea,PNG,Loloata,PNG_Loloata,147.2911798,-9.5388325,Generalist,pending upload
3384,Amphiprion_clarkii,CLK,Papua New Guinea,PNG,Loloata,PNG_Loloata,147.2911798,-9.5388325,Generalist,pending upload
3386,Amphiprion_clarkii,CLK,Papua New Guinea,PNG,Loloata,PNG_Loloata,147.2911798,-9.5388325,Generalist,pending upload
3387,Amphiprion_clarkii,CLK,Papua New Guinea,PNG,Loloata,PNG_Loloata,147.2911798,-9.5388325,Generalist,pending upload
3475,Amphiprion_clarkii,CLK,Papua New Guinea,PNG,Loloata,PNG_Loloata,147.2911798,-9.5388325,Generalist,pending upload
3502,Amphiprion_clarkii,CLK,Papua New Guinea,PNG,Loloata,PNG_Loloata,147.2911798,-9.5388325,Generalist,pending upload
3503,Amphiprion_clarkii,CLK,Papua New Guinea,PNG,Loloata,PNG_Loloata,147.2911798,-9.5388325,Generalist,pending upload
3504,Amphiprion_clarkii,CLK,Papua New Guinea,PNG,Loloata,PNG_Loloata,147.2911798,-9.5388325,Generalist,pending upload
3571,Amphiprion_clarkii,CLK,Papua New Guinea,PNG,Loloata,PNG_Loloata,147.2911798,-9.5388325,Generalist,pending upload
3572,Amphiprion_clarkii,CLK,Papua New Guinea,PNG,Loloata,PNG_Loloata,147.2911798,-9.5388325,Generalist,pending upload
3574,Amphiprion_clarkii,CLK,Papua New Guinea,PNG,Loloata,PNG_Loloata,147.2911798,-9.5388325,Generalist,pending upload
GB030,Amphiprion_clarkii,CLK,Indonesia,IDN,Manado,IDN_Manado,124.8408708,1.4900578,Generalist,SRR29150661
GB035,Amphiprion_clarkii,CLK,Indonesia,IDN,Manado,IDN_Manado,124.8408708,1.4900578,Generalist,pending upload
GB036,Amphiprion_clarkii,CLK,Indonesia,IDN,Manado,IDN_Manado,124.8408708,1.4900578,Generalist,pending upload
GB037,Amphiprion_clarkii,CLK,Indonesia,IDN,Manado,IDN_Manado,124.8408708,1.4900578,Generalist,pending upload
GB169,Amphiprion_clarkii,CLK,Indonesia,IDN,Manado,IDN_Manado,124.8408708,1.4900578,Generalist,pending upload
GB170,Amphiprion_clarkii,CLK,Indonesia,IDN,Manado,IDN_Manado,124.8408708,1.4900578,Generalist,SRR29150660
GB171,Amphiprion_clarkii,CLK,Indonesia,IDN,Manado,IDN_Manado,124.8408708,1.4900578,Generalist,pending upload
GB172,Amphiprion_clarkii,CLK,Indonesia,IDN,Manado,IDN_Manado,124.8408708,1.4900578,Generalist,SRR29150649
GB176,Amphiprion_clarkii,CLK,Indonesia,IDN,Manado,IDN_Manado,124.8408708,1.4900578,Generalist,SRR29150638
GB177,Amphiprion_clarkii,CLK,Indonesia,IDN,Manado,IDN_Manado,124.8408708,1.4900578,Generalist,SRR29150627
GB187,Amphiprion_clarkii,CLK,Indonesia,IDN,Manado,IDN_Manado,124.8408708,1.4900578,Generalist,pending upload
GB188,Amphiprion_clarkii,CLK,Indonesia,IDN,Manado,IDN_Manado,124.8408708,1.4900578,Generalist,pending upload
GB189,Amphiprion_clarkii,CLK,Indonesia,IDN,Manado,IDN_Manado,124.8408708,1.4900578,Generalist,pending upload
GB198,Amphiprion_clarkii,CLK,Indonesia,IDN,Manado,IDN_Manado,124.8408708,1.4900578,Generalist,pending upload
GB200,Amphiprion_clarkii,CLK,Indonesia,IDN,Manado,IDN_Manado,124.8408708,1.4900578,Generalist,pending upload
GB204,Amphiprion_clarkii,CLK,Indonesia,IDN,Manado,IDN_Manado,124.8408708,1.4900578,Generalist,pending upload
GB205,Amphiprion_clarkii,CLK,Indonesia,IDN,Manado,IDN_Manado,124.8408708,1.4900578,Generalist,pending upload
GB207,Amphiprion_clarkii,CLK,Indonesia,IDN,Manado,IDN_Manado,124.8408708,1.4900578,Generalist,pending upload
GB210,Amphiprion_clarkii,CLK,Indonesia,IDN,Manado,IDN_Manado,124.8408708,1.4900578,Generalist,pending upload
GB211,Amphiprion_clarkii,CLK,Indonesia,IDN,Manado,IDN_Manado,124.8408708,1.4900578,Generalist,pending upload
GB213,Amphiprion_clarkii,CLK,Indonesia,IDN,Manado,IDN_Manado,124.8408708,1.4900578,Generalist,pending upload
GB215,Amphiprion_clarkii,CLK,Indonesia,IDN,Manado,IDN_Manado,124.8408708,1.4900578,Generalist,pending upload
GB218,Amphiprion_clarkii,CLK,Indonesia,IDN,Manado,IDN_Manado,124.8408708,1.4900578,Generalist,pending upload
GB219,Amphiprion_clarkii,CLK,Indonesia,IDN,Manado,IDN_Manado,124.8408708,1.4900578,Generalist,pending upload
GB221,Amphiprion_clarkii,CLK,Indonesia,IDN,Manado,IDN_Manado,124.8408708,1.4900578,Generalist,pending upload
GB222,Amphiprion_clarkii,CLK,Indonesia,IDN,Manado,IDN_Manado,124.8408708,1.4900578,Generalist,pending upload
GB223,Amphiprion_clarkii,CLK,Indonesia,IDN,Manado,IDN_Manado,124.8408708,1.4900578,Generalist,pending upload
GB224,Amphiprion_clarkii,CLK,Indonesia,IDN,Manado,IDN_Manado,124.8408708,1.4900578,Generalist,pending upload
GB225,Amphiprion_clarkii,CLK,Indonesia,IDN,Manado,IDN_Manado,124.8408708,1.4900578,Generalist,pending upload
GB228,Amphiprion_clarkii,CLK,Indonesia,IDN,Manado,IDN_Manado,124.8408708,1.4900578,Generalist,pending upload
GB229,Amphiprion_clarkii,CLK,Indonesia,IDN,Manado,IDN_Manado,124.8408708,1.4900578,Generalist,pending upload
GB230,Amphiprion_clarkii,CLK,Indonesia,IDN,Manado,IDN_Manado,124.8408708,1.4900578,Generalist,pending upload
GB237,Amphiprion_clarkii,CLK,Indonesia,IDN,Manado,IDN_Manado,124.8408708,1.4900578,Generalist,pending upload
HKN042,Amphiprion_clarkii,CLK,Papua New Guinea,PNG,,PNG,144.2489081,-5.6816069,Generalist,pending upload
HKN045,Amphiprion_clarkii,CLK,Papua New Guinea,PNG,,PNG,144.2489081,-5.6816069,Generalist,pending upload
HKN112,Amphiprion_clarkii,CLK,Papua New Guinea,PNG,,PNG,144.2489081,-5.6816069,Generalist,pending upload
HKN153,Amphiprion_clarkii,CLK,Papua New Guinea,PNG,,PNG,144.2489081,-5.6816069,Generalist,pending upload
HKN186,Amphiprion_clarkii,CLK,Papua New Guinea,PNG,,PNG,144.2489081,-5.6816069,Generalist,pending upload
HKN195,Amphiprion_clarkii,CLK,Papua New Guinea,PNG,,PNG,144.2489081,-5.6816069,Generalist,pending upload
AC136,Amphiprion_clarkii,CLK,Philippines,PHI,,PHI,122.7312101,12.7503486,Generalist,SRR29150628
AC145,Amphiprion_clarkii,CLK,Philippines,PHI,,PHI,122.7312101,12.7503486,Generalist,SRR29150626
AC153,Amphiprion_clarkii,CLK,Philippines,PHI,,PHI,122.7312101,12.7503486,Generalist,SRR29150625
AC202,Amphiprion_clarkii,CLK,Philippines,PHI,,PHI,122.7312101,12.7503486,Generalist,SRR29150624
AC211,Amphiprion_clarkii,CLK,Philippines,PHI,,PHI,122.7312101,12.7503486,Generalist,SRR29150623
AC231,Amphiprion_clarkii,CLK,Philippines,PHI,,PHI,122.7312101,12.7503486,Generalist,SRR29150622
AC266,Amphiprion_clarkii,CLK,Philippines,PHI,,PHI,122.7312101,12.7503486,Generalist,SRR29150621
AC284,Amphiprion_clarkii,CLK,Philippines,PHI,,PHI,122.7312101,12.7503486,Generalist,SRR29150620
AC296,Amphiprion_clarkii,CLK,Philippines,PHI,,PHI,122.7312101,12.7503486,Generalist,SRR29150619
AC302,Amphiprion_clarkii,CLK,Philippines,PHI,,PHI,122.7312101,12.7503486,Generalist,SRR29150618
AC01,Amphiprion_clarkii,CLK,Taiwan,TAI,,TAI,120.9820179,23.9739374,Generalist,SRR29150607
AC02,Amphiprion_clarkii,CLK,Taiwan,TAI,,TAI,120.9820179,23.9739374,Generalist,SRR29150606
AC03,Amphiprion_clarkii,CLK,Taiwan,TAI,,TAI,120.9820179,23.9739374,Generalist,SRR29150604
AC04,Amphiprion_clarkii,CLK,Taiwan,TAI,,TAI,120.9820179,23.9739374,Generalist,SRR29150603
AC05,Amphiprion_clarkii,CLK,Taiwan,TAI,,TAI,120.9820179,23.9739374,Generalist,SRR29150602
AC06,Amphiprion_clarkii,CLK,Taiwan,TAI,,TAI,120.9820179,23.9739374,Generalist,SRR29150601
AC07,Amphiprion_clarkii,CLK,Taiwan,TAI,,TAI,120.9820179,23.9739374,Generalist,SRR29150600
AC08,Amphiprion_clarkii,CLK,Taiwan,TAI,,TAI,120.9820179,23.9739374,Generalist,SRR29150599
AC10,Amphiprion_clarkii,CLK,Taiwan,TAI,,TAI,120.9820179,23.9739374,Generalist,SRR29150598
3721,Amphiprion_clarkii,CLK,Papua New Guinea,PNG,Kavieng,PNG_Kavieng,151.416667,-3,Generalist,pending upload
3727,Amphiprion_clarkii,CLK,Papua New Guinea,PNG,Kavieng,PNG_Kavieng,151.416667,-3,Generalist,pending upload
3729,Amphiprion_clarkii,CLK,Papua New Guinea,PNG,Kavieng,PNG_Kavieng,151.416667,-3,Generalist,pending upload
3752,Amphiprion_clarkii,CLK,Papua New Guinea,PNG,Kavieng,PNG_Kavieng,151.416667,-3,Generalist,pending upload
3760,Amphiprion_clarkii,CLK,Papua New Guinea,PNG,Kavieng,PNG_Kavieng,151.416667,-3,Generalist,pending upload
3762,Amphiprion_clarkii,CLK,Papua New Guinea,PNG,Kavieng,PNG_Kavieng,151.416667,-3,Generalist,pending upload
3765,Amphiprion_clarkii,CLK,Papua New Guinea,PNG,Kavieng,PNG_Kavieng,151.416667,-3,Generalist,pending upload
3787,Amphiprion_clarkii,CLK,Papua New Guinea,PNG,Kavieng,PNG_Kavieng,151.416667,-3,Generalist,pending upload
3788,Amphiprion_clarkii,CLK,Papua New Guinea,PNG,Kavieng,PNG_Kavieng,151.416667,-3,Generalist,pending upload
3823,Amphiprion_clarkii,CLK,Papua New Guinea,PNG,Kavieng,PNG_Kavieng,151.416667,-3,Generalist,pending upload
3825,Amphiprion_clarkii,CLK,Papua New Guinea,PNG,Kavieng,PNG_Kavieng,151.416667,-3,Generalist,pending upload
3826,Amphiprion_clarkii,CLK,Papua New Guinea,PNG,Kavieng,PNG_Kavieng,151.416667,-3,Generalist,pending upload
3827,Amphiprion_clarkii,CLK,Papua New Guinea,PNG,Kavieng,PNG_Kavieng,151.416667,-3,Generalist,pending upload
3828,Amphiprion_clarkii,CLK,Papua New Guinea,PNG,Kavieng,PNG_Kavieng,151.416667,-3,Generalist,pending upload
3829,Amphiprion_clarkii,CLK,Papua New Guinea,PNG,Kavieng,PNG_Kavieng,151.416667,-3,Generalist,pending upload
3830,Amphiprion_clarkii,CLK,Papua New Guinea,PNG,Kavieng,PNG_Kavieng,151.416667,-3,Generalist,pending upload
AC3723,Amphiprion_clarkii,CLK,Papua New Guinea,PNG,Kavieng,PNG_Kavieng,151.416667,-3,Generalist,SRR29150640
AC3725,Amphiprion_clarkii,CLK,Papua New Guinea,PNG,Kavieng,PNG_Kavieng,151.416667,-3,Generalist,SRR29150639
AC3726,Amphiprion_clarkii,CLK,Papua New Guinea,PNG,Kavieng,PNG_Kavieng,151.416667,-3,Generalist,SRR29150637
AC3728,Amphiprion_clarkii,CLK,Papua New Guinea,PNG,Kavieng,PNG_Kavieng,151.416667,-3,Generalist,SRR29150636
AC3730,Amphiprion_clarkii,CLK,Papua New Guinea,PNG,Kavieng,PNG_Kavieng,151.416667,-3,Generalist,SRR29150635
AC3749,Amphiprion_clarkii,CLK,Papua New Guinea,PNG,Kavieng,PNG_Kavieng,151.416667,-3,Generalist,SRR29150634
AC3750,Amphiprion_clarkii,CLK,Papua New Guinea,PNG,Kavieng,PNG_Kavieng,151.416667,-3,Generalist,SRR29150633
AC3751,Amphiprion_clarkii,CLK,Papua New Guinea,PNG,Kavieng,PNG_Kavieng,151.416667,-3,Generalist,SRR29150632
AC3753,Amphiprion_clarkii,CLK,Papua New Guinea,PNG,Kavieng,PNG_Kavieng,151.416667,-3,Generalist,SRR29150631
AC3764,Amphiprion_clarkii,CLK,Papua New Guinea,PNG,Kavieng,PNG_Kavieng,151.416667,-3,Generalist,SRR29150630
AC3789,Amphiprion_clarkii,CLK,Papua New Guinea,PNG,Kavieng,PNG_Kavieng,151.416667,-3,Generalist,SRR29150629
AC027,Amphiprion_clarkii,CLK,New Caledonia,NCD,Touho,NCD_Touho,165.3267822,-20.7960485,Generalist,SRR29150648
NC028,Amphiprion_clarkii,CLK,New Caledonia,NCD,Touho,NCD_Touho,165.3267822,-20.7960485,Generalist,SRR29150647
NC029,Amphiprion_clarkii,CLK,New Caledonia,NCD,Touho,NCD_Touho,165.3267822,-20.7960485,Generalist,SRR29150646
NC032,Amphiprion_clarkii,CLK,New Caledonia,NCD,Touho,NCD_Touho,165.3267822,-20.7960485,Generalist,SRR29150645
NC037,Amphiprion_clarkii,CLK,New Caledonia,NCD,Touho,NCD_Touho,165.3267822,-20.7960485,Generalist,SRR29150644
NC043,Amphiprion_clarkii,CLK,New Caledonia,NCD,Touho,NCD_Touho,165.3267822,-20.7960485,Generalist,SRR29150643
AC062,Amphiprion_clarkii,CLK,New Caledonia,NCD,Noumea,NCD_Noumea,166.2585091,-22.352842,Generalist,SRR29150642
CLK_113,Amphiprion_clarkii,CLK,Thailand,THA,PhiPhi,THA_PhiPhi,98.77664337,7.7522403,Generalist,pending upload
CLK_120,Amphiprion_clarkii,CLK,Thailand,THA,PhiPhi,THA_PhiPhi,98.77664337,7.7522403,Generalist,pending upload
CLK_123,Amphiprion_clarkii,CLK,Thailand,THA,PhiPhi,THA_PhiPhi,98.77664337,7.7522403,Generalist,pending upload
CLK_130,Amphiprion_clarkii,CLK,Thailand,THA,PhiPhi,THA_PhiPhi,98.77664337,7.7522403,Generalist,pending upload
CLK_133,Amphiprion_clarkii,CLK,Thailand,THA,PhiPhi,THA_PhiPhi,98.77664337,7.7522403,Generalist,pending upload
CLK_65,Amphiprion_clarkii,CLK,Thailand,THA,Phuket,THA_Phuket,98.3529292,7.9366015,Generalist,pending upload
CLK_68,Amphiprion_clarkii,CLK,Thailand,THA,Phuket,THA_Phuket,98.3529292,7.9366015,Generalist,pending upload
CLK_71,Amphiprion_clarkii,CLK,Thailand,THA,Phuket,THA_Phuket,98.3529292,7.9366015,Generalist,pending upload
CLK_76,Amphiprion_clarkii,CLK,Thailand,THA,Phuket,THA_Phuket,98.3529292,7.9366015,Generalist,pending upload
2355,Amphiprion_clarkii,CLK,Solomon Islands,SOI,Roviana,SOI_Roviana,157.327617,-8.3527301,Generalist,SRR29150617
2356,Amphiprion_clarkii,CLK,Solomon Islands,SOI,Roviana,SOI_Roviana,157.327617,-8.3527301,Generalist,SRR29150615
2357,Amphiprion_clarkii,CLK,Solomon Islands,SOI,Roviana,SOI_Roviana,157.327617,-8.3527301,Generalist,SRR29150614
2358,Amphiprion_clarkii,CLK,Solomon Islands,SOI,Roviana,SOI_Roviana,157.327617,-8.3527301,Generalist,SRR29150613
2359,Amphiprion_clarkii,CLK,Solomon Islands,SOI,Roviana,SOI_Roviana,157.327617,-8.3527301,Generalist,SRR29150612
2360,Amphiprion_clarkii,CLK,Solomon Islands,SOI,Roviana,SOI_Roviana,157.327617,-8.3527301,Generalist,SRR29150611
2361,Amphiprion_clarkii,CLK,Solomon Islands,SOI,Roviana,SOI_Roviana,157.327617,-8.3527301,Generalist,SRR29150610
AC2353,Amphiprion_clarkii,CLK,Solomon Islands,SOI,Roviana,SOI_Roviana,157.327617,-8.3527301,Generalist,SRR29150609
AC2354,Amphiprion_clarkii,CLK,Solomon Islands,SOI,Roviana,SOI_Roviana,157.327617,-8.3527301,Generalist,SRR29150608
CLK_85,Amphiprion_clarkii,CLK,Thailand,THA,Similan,THA_Similan,97.64486602,8.6487805,Generalist,pending upload
CLK_90,Amphiprion_clarkii,CLK,Thailand,THA,Similan,THA_Similan,97.64486602,8.6487805,Generalist,pending upload
CLK_91,Amphiprion_clarkii,CLK,Thailand,THA,Similan,THA_Similan,97.64486602,8.6487805,Generalist,pending upload
CLK_95,Amphiprion_clarkii,CLK,Thailand,THA,Similan,THA_Similan,97.64486602,8.6487805,Generalist,pending upload
AC021,Amphiprion_clarkii,CLK,New Caledonia,NCD,Tibarama,NCD_Tibarama,165.3820202,-20.9371423,Generalist,SRR29150641
GB081,Amphiprion_clarkii,CLK,Indonesia,IDN,Bali,IDN_Bali,115.5928337,-8.2775419,Generalist,SRR29150616
GB083,Amphiprion_clarkii,CLK,Indonesia,IDN,Bali,IDN_Bali,115.5928337,-8.2775419,Generalist,SRR29150605
GB087,Amphiprion_clarkii,CLK,Indonesia,IDN,Bali,IDN_Bali,115.5928337,-8.2775419,Generalist,SRR29150597
GB088,Amphiprion_clarkii,CLK,Indonesia,IDN,Bali,IDN_Bali,115.5928337,-8.2775419,Generalist,SRR29150596
GB092,Amphiprion_clarkii,CLK,Indonesia,IDN,Bali,IDN_Bali,115.5928337,-8.2775419,Generalist,SRR29150595
EPH_111,Amphiprion_ephippium,EPH,Thailand,THA,PhiPhi,THA_PhiPhi,98.77773918,7.948250918,EQ specialist,pending upload
EPH_112,Amphiprion_ephippium,EPH,Thailand,THA,PhiPhi,THA_PhiPhi,98.77773918,7.948250918,EQ specialist,pending upload
EPH_126,Amphiprion_ephippium,EPH,Thailand,THA,PhiPhi,THA_PhiPhi,98.7663099,7.653791561,EQ specialist,pending upload
EPH_127,Amphiprion_ephippium,EPH,Thailand,THA,PhiPhi,THA_PhiPhi,98.7663099,7.653791561,EQ specialist,pending upload
EPH_131,Amphiprion_ephippium,EPH,Thailand,THA,PhiPhi,THA_PhiPhi,98.7663099,7.653791561,EQ specialist,pending upload
EPH_72,Amphiprion_ephippium,EPH,Thailand,THA,Phuket,THA_Phuket,98.37382866,7.614637942,EQ specialist,pending upload
EPH_73,Amphiprion_ephippium,EPH,Thailand,THA,Phuket,THA_Phuket,98.37382866,7.614637942,EQ specialist,pending upload
LAT_185,Amphiprion_latifasciatus,LAT,Madagascar,MDG,Ifaty,MDG_Ifaty,43.55219953,-23.15439092,Generalist,pending upload
LAT_187,Amphiprion_latifasciatus,LAT,Madagascar,MDG,Ifaty,MDG_Ifaty,43.55219953,-23.15439092,Generalist,pending upload
LAT_188,Amphiprion_latifasciatus,LAT,Madagascar,MDG,Ifaty,MDG_Ifaty,43.57004371,-23.1400847,Generalist,pending upload
LAT_199,Amphiprion_latifasciatus,LAT,Madagascar,MDG,Be,MDG_Be,48.09970597,-13.32212519,Generalist,pending upload
LAT_200,Amphiprion_latifasciatus,LAT,Madagascar,MDG,Be,MDG_Be,48.09970597,-13.32212519,Generalist,pending upload
LAT_215,Amphiprion_latifasciatus,LAT,Madagascar,MDG,Be,MDG_Be,48.09153674,-13.30912701,Generalist,pending upload
LAT_223,Amphiprion_latifasciatus,LAT,Madagascar,MDG,Be,MDG_Be,48.07666658,-13.39535167,Generalist,pending upload
NC_064,Amphiprion_melanopus,MEL,New Caledonia,NCD,Noumea,NCD_Noumea,166.4444497,-22.3002118,EQ specialist,pending upload
NC_067,Amphiprion_melanopus,MEL,New Caledonia,NCD,Noumea,NCD_Noumea,166.4444497,-22.3002118,EQ specialist,pending upload
NC_045,Amphiprion_melanopus,MEL,New Caledonia,NCD,Noumea,NCD_Noumea,166.4393297,-22.2976877,EQ specialist,pending upload
NC_046,Amphiprion_melanopus,MEL,New Caledonia,NCD,Noumea,NCD_Noumea,166.4393297,-22.2976877,EQ specialist,pending upload
MEL_347,Amphiprion_melanopus,MEL,Australia,AUS,Heron,AUS_Heron,151.9143834,-23.44419476,EQ specialist,pending upload
MEL_355,Amphiprion_melanopus,MEL,Australia,AUS,Heron,AUS_Heron,151.9143834,-23.44419476,EQ specialist,pending upload
MEL_356,Amphiprion_melanopus,MEL,Australia,AUS,Heron,AUS_Heron,151.9143834,-23.44419476,EQ specialist,pending upload
MEL_357,Amphiprion_melanopus,MEL,Australia,AUS,Heron,AUS_Heron,151.9143834,-23.44419476,EQ specialist,pending upload
Ane02,Amphiprion_melanopus,MEL,Australia,AUS,Lizard,AUS_Lizard,145.4609161,-14.6683188,EQ specialist,pending upload
MEL_234,Amphiprion_melanopus,MEL,Australia,AUS,Lizard,AUS_Lizard,145.451743,-14.699401,EQ specialist,pending upload
MEL_242,Amphiprion_melanopus,MEL,Australia,AUS,Lizard,AUS_Lizard,145.451743,-14.699401,EQ specialist,pending upload
MEL_257,Amphiprion_melanopus,MEL,Australia,AUS,Lizard,AUS_Lizard,145.4636979,-14.6901794,EQ specialist,pending upload
MEL_258,Amphiprion_melanopus,MEL,Australia,AUS,Lizard,AUS_Lizard,145.4636979,-14.6901794,EQ specialist,pending upload
MEL_266,Amphiprion_melanopus,MEL,Australia,AUS,Lizard,AUS_Lizard,145.445956,-14.67709655,EQ specialist,pending upload
MEL_286,Amphiprion_melanopus,MEL,Australia,AUS,Lizard,AUS_Lizard,145.4513111,-14.65773238,EQ specialist,pending upload
MEL_288,Amphiprion_melanopus,MEL,Australia,AUS,Lizard,AUS_Lizard,145.4494728,-14.6641785,EQ specialist,pending upload
MEL_290,Amphiprion_melanopus,MEL,Australia,AUS,Lizard,AUS_Lizard,145.4494728,-14.6641785,EQ specialist,pending upload
GB_212,Amphiprion_melanopus,MEL,Indonesia,IDN,Manado,IDN_Manado,124.8408708,1.4900578,EQ specialist,pending upload
GA_001,Amphiprion_melanopus,MEL,Indonesia,IDN,Bali,IDN_Bali,115.4573313,-8.67894185,EQ specialist,pending upload
GA_012,Amphiprion_melanopus,MEL,Indonesia,IDN,Bali,IDN_Bali,115.534745,-8.74565245,EQ specialist,pending upload
NC_052,Amphiprion_melanopus,MEL,New Caledonia,NCD,Noumea,NCD_Noumea,166.4750078,-22.2803087,EQ specialist,pending upload
NC_057,Amphiprion_melanopus,MEL,New Caledonia,NCD,Noumea,NCD_Noumea,166.4750078,-22.2803087,EQ specialist,pending upload
NC_059,Amphiprion_melanopus,MEL,New Caledonia,NCD,Noumea,NCD_Noumea,166.4750078,-22.2803087,EQ specialist,pending upload
NC_034,Amphiprion_melanopus,MEL,New Caledonia,NCD,Touho,NCD_Touho,165.3267822,-20.7960485,EQ specialist,pending upload
NC_035,Amphiprion_melanopus,MEL,New Caledonia,NCD,Touho,NCD_Touho,165.3267822,-20.7960485,EQ specialist,pending upload
NC_023,Amphiprion_melanopus,MEL,New Caledonia,NCD,Tibarama,NCD_Tibarama,165.3820202,-20.9371423,EQ specialist,pending upload
PRD_316,Amphiprion_perideraion,PRD,Australia,AUS,Heron,AUS_Heron,151.9194111,-23.4699603,RM specialist,pending upload
PRD_323,Amphiprion_perideraion,PRD,Australia,AUS,Heron,AUS_Heron,151.9194111,-23.4699603,RM specialist,pending upload
PRD_326,Amphiprion_perideraion,PRD,Australia,AUS,Heron,AUS_Heron,151.9194111,-23.4699603,RM specialist,pending upload
PRD_330,Amphiprion_perideraion,PRD,Australia,AUS,Heron,AUS_Heron,151.9233525,-23.43425146,RM specialist,pending upload
PRD_341,Amphiprion_perideraion,PRD,Australia,AUS,Heron,AUS_Heron,151.8979852,-23.45029555,RM specialist,pending upload
PRD_342,Amphiprion_perideraion,PRD,Australia,AUS,Heron,AUS_Heron,151.8979852,-23.45029555,RM specialist,pending upload
PRD_343,Amphiprion_perideraion,PRD,Australia,AUS,Heron,AUS_Heron,151.9376069,-23.43581893,RM specialist,pending upload
PRD_344,Amphiprion_perideraion,PRD,Australia,AUS,Heron,AUS_Heron,151.9376069,-23.43581893,RM specialist,pending upload
PRD_24,Amphiprion_perideraion,PRD,Thailand,THA,Phangan,THA_Phangan,100.0305711,9.7349503,RM specialist,pending upload
PRD_30,Amphiprion_perideraion,PRD,Thailand,THA,Phangan,THA_Phangan,100.0305711,9.7349503,RM specialist,pending upload
PRD_31,Amphiprion_perideraion,PRD,Thailand,THA,Phangan,THA_Phangan,100.0305711,9.7349503,RM specialist,pending upload
PRD_33,Amphiprion_perideraion,PRD,Thailand,THA,Phangan,THA_Phangan,100.0305711,9.7349503,RM specialist,pending upload
PRD_35,Amphiprion_perideraion,PRD,Thailand,THA,Phangan,THA_Phangan,100.0305711,9.7349503,RM specialist,pending upload
PRD_36,Amphiprion_perideraion,PRD,Thailand,THA,Phangan,THA_Phangan,100.0305711,9.7349503,RM specialist,pending upload
PRD_38,Amphiprion_perideraion,PRD,Thailand,THA,Phangan,THA_Phangan,100.0305711,9.7349503,RM specialist,pending upload
PRD_41,Amphiprion_perideraion,PRD,Thailand,THA,Phangan,THA_Phangan,100.0305711,9.7349503,RM specialist,pending upload
PRD_01,Amphiprion_perideraion,PRD,Thailand,THA,Tao,THA_Tao,99.83953618,10.0921822,RM specialist,pending upload
PRD_07,Amphiprion_perideraion,PRD,Thailand,THA,Tao,THA_Tao,99.83953618,10.0921822,RM specialist,pending upload
PRD_08,Amphiprion_perideraion,PRD,Thailand,THA,Tao,THA_Tao,99.83953618,10.0921822,RM specialist,pending upload
PRD_09,Amphiprion_perideraion,PRD,Thailand,THA,Tao,THA_Tao,99.83953618,10.0921822,RM specialist,pending upload
PRD_11,Amphiprion_perideraion,PRD,Thailand,THA,Tao,THA_Tao,99.83953618,10.0921822,RM specialist,pending upload
PRD_12,Amphiprion_perideraion,PRD,Thailand,THA,Tao,THA_Tao,99.83953618,10.0921822,RM specialist,pending upload
PRD_16,Amphiprion_perideraion,PRD,Thailand,THA,Tao,THA_Tao,99.83953618,10.0921822,RM specialist,pending upload
PRD_20,Amphiprion_perideraion,PRD,Thailand,THA,Tao,THA_Tao,99.83953618,10.0921822,RM specialist,pending upload
PRD_245,Amphiprion_perideraion,PRD,Australia,AUS,Lizard,AUS_Lizard,145.4630929,-14.68576316,RM specialist,pending upload
PRD_251,Amphiprion_perideraion,PRD,Australia,AUS,Lizard,AUS_Lizard,145.4630929,-14.68576316,RM specialist,pending upload
PRD_294,Amphiprion_perideraion,PRD,Australia,AUS,Lizard,AUS_Lizard,145.4421335,-14.66684106,RM specialist,pending upload
PRD_298,Amphiprion_perideraion,PRD,Australia,AUS,Lizard,AUS_Lizard,145.4421335,-14.66684106,RM specialist,pending upload
PRD_305,Amphiprion_perideraion,PRD,Australia,AUS,Lizard,AUS_Lizard,145.4396463,-14.68376474,RM specialist,pending upload
PRD_306,Amphiprion_perideraion,PRD,Australia,AUS,Lizard,AUS_Lizard,145.4396463,-14.68376474,RM specialist,pending upload
PRD_310,Amphiprion_perideraion,PRD,Australia,AUS,Lizard,AUS_Lizard,145.4483005,-14.65387309,RM specialist,pending upload
PRD_313,Amphiprion_perideraion,PRD,Australia,AUS,Lizard,AUS_Lizard,145.4483005,-14.65387309,RM specialist,pending upload
001_PER,Amphiprion_perideraion,PRD,NA,NA,,NA,NA,NA,RM specialist,pending upload
NC001,Amphiprion_perideraion,PRD,New Caledonia,NCD,Tibarama,NCD_Tibarama,165.3820202,-20.9371423,RM specialist,SRR26235436
NC005,Amphiprion_perideraion,PRD,New Caledonia,NCD,Tibarama,NCD_Tibarama,165.3820202,-20.9371423,RM specialist,SRR26235435
NC006,Amphiprion_perideraion,PRD,New Caledonia,NCD,Tibarama,NCD_Tibarama,165.3820202,-20.9371423,RM specialist,SRR26235434
NC019,Amphiprion_perideraion,PRD,New Caledonia,NCD,Tibarama,NCD_Tibarama,165.3820202,-20.9371423,RM specialist,SRR26235433
NC022,Amphiprion_perideraion,PRD,New Caledonia,NCD,Tibarama,NCD_Tibarama,165.3820202,-20.9371423,RM specialist,SRR26235431
GB059,Amphiprion_perideraion,PRD,Indonesia,IDN,Bali,IDN_Bali,115.5928337,-8.2775419,RM specialist,SRR26235430
GB060,Amphiprion_perideraion,PRD,Indonesia,IDN,Bali,IDN_Bali,115.5928337,-8.2775419,RM specialist,SRR26235429
GB067,Amphiprion_perideraion,PRD,Indonesia,IDN,Bali,IDN_Bali,115.5928337,-8.2775419,RM specialist,SRR26235428
GB085,Amphiprion_perideraion,PRD,Indonesia,IDN,Bali,IDN_Bali,115.5928337,-8.2775419,RM specialist,SRR26235427
GB086,Amphiprion_perideraion,PRD,Indonesia,IDN,Bali,IDN_Bali,115.5928337,-8.2775419,RM specialist,SRR26235426
GB_046,Amphiprion_polymnus,POL,Indonesia,IDN,Bali,IDN_Bali,115.6626142,-8.3379718,SD specialist,pending upload
GB_047,Amphiprion_polymnus,POL,Indonesia,IDN,Bali,IDN_Bali,115.6626142,-8.3379718,SD specialist,pending upload
GB_048,Amphiprion_polymnus,POL,Indonesia,IDN,Bali,IDN_Bali,115.6626142,-8.3379718,SD specialist,pending upload
GB_049,Amphiprion_polymnus,POL,Indonesia,IDN,Bali,IDN_Bali,115.6626142,-8.3379718,SD specialist,pending upload
POL_39,Amphiprion_polymnus,POL,Thailand,THA,Phangan,THA_Phangan,100.0305711,9.7349503,SD specialist,pending upload
POL_40,Amphiprion_polymnus,POL,Thailand,THA,Phangan,THA_Phangan,100.0305711,9.7349503,SD specialist,pending upload
POL_42,Amphiprion_polymnus,POL,Thailand,THA,Phangan,THA_Phangan,99.97732925,9.795267274,SD specialist,pending upload
POL_43,Amphiprion_polymnus,POL,Thailand,THA,Phangan,THA_Phangan,100.0305711,9.7349503,SD specialist,pending upload
POL_45,Amphiprion_polymnus,POL,Thailand,THA,Phangan,THA_Phangan,99.97732925,9.795267274,SD specialist,pending upload
POL_46,Amphiprion_polymnus,POL,Thailand,THA,Phangan,THA_Phangan,100.0305711,9.7349503,SD specialist,pending upload
POL_48,Amphiprion_polymnus,POL,Thailand,THA,Phangan,THA_Phangan,100.0305711,9.7349503,SD specialist,pending upload
POL_52,Amphiprion_polymnus,POL,Thailand,THA,Phangan,THA_Phangan,99.97732925,9.795267274,SD specialist,pending upload
POL_53,Amphiprion_polymnus,POL,Thailand,THA,Phangan,THA_Phangan,100.0305711,9.7349503,SD specialist,pending upload
POL_22,Amphiprion_polymnus,POL,Thailand,THA,Tao,THA_Tao,99.83953618,10.0921822,SD specialist,pending upload
GB_034,Amphiprion_polymnus,POL,Indonesia,IDN,Manado,IDN_Manado,124.8408708,1.4900578,SD specialist,pending upload
GB_045,Amphiprion_polymnus,POL,Indonesia,IDN,Manado,IDN_Manado,124.8408708,1.4900578,SD specialist,pending upload
GB_216,Amphiprion_polymnus,POL,Indonesia,IDN,Manado,IDN_Manado,124.8408708,1.4900578,SD specialist,pending upload
GB_217,Amphiprion_polymnus,POL,Indonesia,IDN,Manado,IDN_Manado,124.8408708,1.4900578,SD specialist,pending upload
007_POL,Amphiprion_polymnus,POL,NA,NA,,NA,NA,NA,SD specialist,pending upload
GB_019,Amphiprion_polymnus,POL,Indonesia,IDN,Bali,IDN_Bali,115.5928337,-8.2775419,SD specialist,pending upload
GB_066,Amphiprion_polymnus,POL,Indonesia,IDN,Bali,IDN_Bali,115.5928337,-8.2775419,SD specialist,pending upload
GB_070,Amphiprion_polymnus,POL,Indonesia,IDN,Bali,IDN_Bali,115.5928337,-8.2775419,SD specialist,pending upload
SA260,Amphiprion_sandaracinos,SAN,Australia,AUS,Christmas,AUS_Christmas,105.6173515,-10.49124145,SD specialist,pending upload
SA261,Amphiprion_sandaracinos,SAN,Australia,AUS,Christmas,AUS_Christmas,105.6173515,-10.49124145,SD specialist,pending upload
SA262,Amphiprion_sandaracinos,SAN,Australia,AUS,Christmas,AUS_Christmas,105.6173515,-10.49124145,SD specialist,pending upload
SA113,Amphiprion_sandaracinos,SAN,Papua New Guinea,PNG,Kimbe,PNG_Kimbe,150.1445441,-5.5502054,SD specialist,pending upload
SA141,Amphiprion_sandaracinos,SAN,Papua New Guinea,PNG,Kimbe,PNG_Kimbe,150.1445441,-5.5502054,SD specialist,pending upload
SA158,Amphiprion_sandaracinos,SAN,Papua New Guinea,PNG,Kimbe,PNG_Kimbe,150.1445441,-5.5502054,SD specialist,pending upload
SA173,Amphiprion_sandaracinos,SAN,Papua New Guinea,PNG,Kimbe,PNG_Kimbe,150.1445441,-5.5502054,SD specialist,pending upload
SA179,Amphiprion_sandaracinos,SAN,Papua New Guinea,PNG,Kimbe,PNG_Kimbe,150.1445441,-5.5502054,SD specialist,pending upload
SA228,Amphiprion_sandaracinos,SAN,Papua New Guinea,PNG,Kimbe,PNG_Kimbe,150.1445441,-5.5502054,SD specialist,pending upload
SA232,Amphiprion_sandaracinos,SAN,Papua New Guinea,PNG,Kimbe,PNG_Kimbe,150.1445441,-5.5502054,SD specialist,pending upload
SA238,Amphiprion_sandaracinos,SAN,Papua New Guinea,PNG,Kimbe,PNG_Kimbe,150.1445441,-5.5502054,SD specialist,pending upload
SA244,Amphiprion_sandaracinos,SAN,Papua New Guinea,PNG,Kimbe,PNG_Kimbe,150.1445441,-5.5502054,SD specialist,pending upload
GB033,Amphiprion_sandaracinos,SAN,Indonesia,IDN,Manado,IDN_Manado,124.8408708,1.4900578,SD specialist,pending upload
GB174,Amphiprion_sandaracinos,SAN,Indonesia,IDN,Manado,IDN_Manado,124.8408708,1.4900578,SD specialist,SRR26235425
GB206,Amphiprion_sandaracinos,SAN,Indonesia,IDN,Manado,IDN_Manado,124.8408708,1.4900578,SD specialist,SRR26235424
GB208,Amphiprion_sandaracinos,SAN,Indonesia,IDN,Manado,IDN_Manado,124.8408708,1.4900578,SD specialist,SRR26235423
GB209,Amphiprion_sandaracinos,SAN,Indonesia,IDN,Manado,IDN_Manado,124.8408708,1.4900578,SD specialist,SRR26235422
GB227,Amphiprion_sandaracinos,SAN,Indonesia,IDN,Manado,IDN_Manado,124.8408708,1.4900578,SD specialist,SRR26235420
SA186,Amphiprion_sandaracinos,SAN,Solomon Islands,SOI,Marovo,SOI_Marovo,157.9961689,-8.51329565,SD specialist,pending upload
SA188,Amphiprion_sandaracinos,SAN,Solomon Islands,SOI,Marovo,SOI_Marovo,157.9961689,-8.51329565,SD specialist,pending upload
SA193,Amphiprion_sandaracinos,SAN,Solomon Islands,SOI,Marovo,SOI_Marovo,157.9961689,-8.51329565,SD specialist,pending upload
SA195,Amphiprion_sandaracinos,SAN,Solomon Islands,SOI,Marovo,SOI_Marovo,157.9961689,-8.51329565,SD specialist,pending upload
SA200,Amphiprion_sandaracinos,SAN,Solomon Islands,SOI,Marovo,SOI_Marovo,157.9961689,-8.51329565,SD specialist,pending upload
SA207,Amphiprion_sandaracinos,SAN,Solomon Islands,SOI,Marovo,SOI_Marovo,157.9961689,-8.51329565,SD specialist,pending upload
SA218,Amphiprion_sandaracinos,SAN,Solomon Islands,SOI,Marovo,SOI_Marovo,157.9961689,-8.51329565,SD specialist,pending upload
SA185,Amphiprion_sandaracinos,SAN,NA,NA,,NA,NA,NA,SD specialist,pending upload